{
  "project_info": {
    "project_number": "429369812092",
    "firebase_url": "https://healthapp-4ff10-default-rtdb.firebaseio.com",
    "project_id": "healthapp-4ff10",
    "storage_bucket": "healthapp-4ff10.appspot.com"
  },
  "client": [
    {
      "client_info": {
        "mobilesdk_app_id": "1:429369812092:android:a05c6f4353db85847fd5f9",
        "android_client_info": {
          "package_name": "kr.ac.mmu"
        }
      },
      "oauth_client": [],
      "api_key": [
        {
          "current_key": "AIzaSyAfNqtrL2lpW-MYiOMCN2Idnyn8qKH4S9w"
        }
      ],
      "services": {
        "appinvite_service": {
          "other_platform_oauth_client": []
        }
      }
    }
  ],
  "configuration_version": "1"
}